{"loss": [0.06624738872051239, 0.10390695184469223], "accuracy": [0.9805764555931091, 0.9714583158493042], "val_loss": [0.09171369671821594, 0.07765723764896393], "val_accuracy": [0.9764344096183777, 0.9795082211494446]}